variant,constraints,backend,mode,rep,ms
onion_p21,1572714,cpu,cold,1,12558.207
onion_p21,1572714,cpu,cold,2,12547.72
onion_p21,1572714,cpu,cold,3,12518.98
onion_p21,1572714,cuda,cold,1,2029.518
onion_p21,1572714,cuda,cold,2,2025.537
onion_p21,1572714,cuda,cold,3,2017.572
onion_p21,1572714,cpu,warm,1,11982.398
onion_p21,1572714,cpu,warm,2,12073.564
onion_p21,1572714,cpu,warm,3,12046.774
onion_p21,1572714,cpu,warm,4,11804.450
onion_p21,1572714,cpu,warm,5,11756.544
onion_p21,1572714,cuda,warm,1,313.716
onion_p21,1572714,cuda,warm,2,363.647
onion_p21,1572714,cuda,warm,3,362.957
onion_p21,1572714,cuda,warm,4,362.974
onion_p21,1572714,cuda,warm,5,362.901
onion_p22,3145428,cpu,cold,1,24626.194
onion_p22,3145428,cpu,cold,2,24724.279
onion_p22,3145428,cpu,cold,3,24949.143
onion_p22,3145428,cuda,cold,1,3685.874
onion_p22,3145428,cuda,cold,2,3660.483
onion_p22,3145428,cuda,cold,3,3664.356
onion_p22,3145428,cpu,warm,1,23435.964
onion_p22,3145428,cpu,warm,2,23224.407
onion_p22,3145428,cpu,warm,3,23266.504
onion_p22,3145428,cpu,warm,4,23411.736
onion_p22,3145428,cpu,warm,5,23418.757
onion_p22,3145428,cuda,warm,1,629.663
onion_p22,3145428,cuda,warm,2,719.930
onion_p22,3145428,cuda,warm,3,719.051
onion_p22,3145428,cuda,warm,4,718.210
onion_p22,3145428,cuda,warm,5,717.917
onion_p23,6291373,cpu,cold,1,48913.937
onion_p23,6291373,cpu,cold,2,49216.449
onion_p23,6291373,cpu,cold,3,48665.707
onion_p23,6291373,cuda,cold,1,6960.942
onion_p23,6291373,cuda,cold,2,6970.846
onion_p23,6291373,cuda,cold,3,6976.681
onion_p23,6291373,cpu,warm,1,46593.796
onion_p23,6291373,cpu,warm,2,45953.444
onion_p23,6291373,cpu,warm,3,46278.682
onion_p23,6291373,cpu,warm,4,46265.292
onion_p23,6291373,cpu,warm,5,46397.632
onion_p23,6291373,cuda,warm,1,1257.625
onion_p23,6291373,cuda,warm,2,1437.413
onion_p23,6291373,cuda,warm,3,1438.678
onion_p23,6291373,cuda,warm,4,1440.888
onion_p23,6291373,cuda,warm,5,1438.174
onion_p24,12582746,cpu,cold,1,97078.108
onion_p24,12582746,cpu,cold,2,98281.66
onion_p24,12582746,cpu,cold,3,96951.521
onion_p24,12582746,cuda,cold,1,13538.715
onion_p24,12582746,cuda,cold,2,13530.401
onion_p24,12582746,cuda,cold,3,13548.294
onion_p24,12582746,cpu,warm,1,93413.084
onion_p24,12582746,cpu,warm,2,92465.778
onion_p24,12582746,cpu,warm,3,92126.754
onion_p24,12582746,cpu,warm,4,93424.343
onion_p24,12582746,cpu,warm,5,93070.448
onion_p24,12582746,cuda,warm,1,2520.210
onion_p24,12582746,cuda,warm,2,2920.762
onion_p24,12582746,cuda,warm,3,2923.613
onion_p24,12582746,cuda,warm,4,2919.854
onion_p24,12582746,cuda,warm,5,2914.754
